{
  "SLA Name": "Cloud Hosting and Support Services",
  "Parties Involved": [
    "Service Provider: Amazon Web Services (AWS)",
    "Client: Tech Innovators Inc."
  ],
  "System Concerned": "Cloud Hosting Infrastructure, Virtual Machines, Databases, Security Systems",
  "Description": "This Service Level Agreement defines the levels of service and support provided by Amazon Web Services (AWS) to ensure high availability, security, scalability, and proactive support for Tech Innovators Inc.'s hosted applications and data.",
  
  "Associated Metrics": [
    {
      "Metric Name": "Service Uptime",
      "Description": "Ensure high availability of cloud hosting services.",
      "Target": "99.95% uptime guaranteed.",
      "KPI": true
    },
    {
      "Metric Name": "Incident Response Time",
      "Description": "Time taken to acknowledge and respond to incidents based on severity levels.",
      "Metrics": {
        "Critical (S1)": "≤ 15 minutes",
        "High (S2)": "≤ 30 minutes",
        "Medium (S3)": "≤ 1 hour",
        "Low (S4)": "≤ 8 hours"
      },
      "KPI": false
    },
    {
      "Metric Name": "Incident Resolution Time",
      "Description": "Time taken to resolve incidents based on severity levels.",
      "Metrics": {
        "Critical (S1)": "≤ 2 hours",
        "High (S2)": "≤ 4 hours",
        "Medium (S3)": "≤ 1 business day",
        "Low (S4)": "As scheduled"
      },
      "KPI": false
    },
    {
      "Metric Name": "Backup Completion Rate",
      "Description": "Ensure backups are completed successfully and on time.",
      "Target": "100% backup completion rate for critical systems.",
      "KPI": true
    },
    {
      "Metric Name": "Backup Recovery Time",
      "Description": "Time taken to recover data from backups during incidents.",
      "Target": "≤ 30 minutes for critical systems.",
      "KPI": false
    },
    {
      "Metric Name": "Security Patch Application Time",
      "Description": "Ensure timely application of critical security patches.",
      "Target": "Critical patches applied within 24 hours of identification.",
      "KPI": true
    }
  ]
}
