{
    "SLA Name": "AI Model Deployment and Monitoring Services",
    "Parties Involved": [
        "Service Provider: AIPro Solutions",
        "Client: InnovateTech Inc."
    ],
    "System Concerned": "AI Model Hosting, APIs, and Monitoring Tools",
    "Description": "This SLA outlines the terms for delivering AI model deployment and monitoring services. AIPro Solutions ensures the deployment of scalable, efficient, and accurate AI models. The SLA includes metrics for model accuracy, deployment time, response time, and infrastructure availability.",
    "Associated Metrics": [
        {
            "Metric Name": "Model Accuracy",
            "Description": "Ensures the deployed AI models meet the agreed accuracy levels.",
            "Target": ">= 95% accuracy.",
            "KPI": true
        },
        {
            "Metric Name": "Deployment Time",
            "Description": "Time taken to deploy AI models in the production environment.",
            "Target": "<= 24 hours for pre-approved models.",
            "KPI": true
        },
        {
            "Metric Name": "API Response Time",
            "Description": "Time taken by the model API to respond to requests.",
            "Target": "<= 200 milliseconds per request.",
            "KPI": true
        },
        {
            "Metric Name": "System Uptime",
            "Description": "Ensures continuous availability of AI hosting infrastructure.",
            "Target": "99.9% uptime guaranteed.",
            "KPI": true
        },
        {
            "Metric Name": "Model Retraining Time",
            "Description": "Time taken to retrain and redeploy models with updated data.",
            "Target": "<= 72 hours for critical updates.",
            "KPI": false
        }
    ]
}