{
  "SLA Name": "IT Infrastructure Management Services",
  "Parties Involved": [
    "Service Provider: Managed IT Solutions Inc.",
    "Client: Digital Pioneers Ltd."
  ],
  "System Concerned": "Network Systems, Servers, Databases, IT Security Infrastructure",
  "Description": "This Service Level Agreement defines the IT infrastructure management services provided by Managed IT Solutions Inc. to Digital Pioneers Ltd., ensuring high performance, availability, security, and rapid resolution of IT-related incidents.",
  
  "Associated Metrics": [
    {
      "Metric Name": "System Uptime",
      "Description": "Ensure high availability of IT infrastructure and services.",
      "Target": "99.9% uptime guaranteed.",
      "KPI": true
    },
    {
      "Metric Name": "Incident Response Time",
      "Description": "Time taken to acknowledge and respond to incidents based on severity levels.",
      "Metrics": {
        "Critical (S1)": "≤ 15 minutes",
        "High (S2)": "≤ 30 minutes",
        "Medium (S3)": "≤ 1 hour",
        "Low (S4)": "≤ 4 hours"
      },
      "KPI": false
    },
    {
      "Metric Name": "Incident Resolution Time",
      "Description": "Time taken to resolve incidents and restore service based on severity levels.",
      "Metrics": {
        "Critical (S1)": "≤ 2 hours",
        "High (S2)": "≤ 4 hours",
        "Medium (S3)": "≤ 1 business day",
        "Low (S4)": "As scheduled"
      },
      "KPI": false
    },
    {
      "Metric Name": "Patch Management Completion Time",
      "Description": "Ensure timely application of critical and non-critical patches.",
      "Target": "Critical patches within 24 hours, non-critical within 7 days.",
      "KPI": true
    },
    {
      "Metric Name": "Performance Monitoring",
      "Description": "Continuous monitoring of system performance, including server health and network performance.",
      "Target": "24/7 monitoring with immediate response to performance degradation.",
      "KPI": false
    },
    {
      "Metric Name": "Backup and Disaster Recovery",
      "Description": "Ensure regular backups and the ability to restore critical data within a defined time.",
      "Target": "Backups every 24 hours with recovery time objective (RTO) of 4 hours.",
      "KPI": false
    }
  ]
}
