{
  "SLA Name": "Cloud-Based Data Migration",
  "Parties Involved": [
    "Service Provider: TechData Solutions",
    "Client: Global Enterprises Ltd."
  ],
  "System Concerned": "On-Premises Data Systems, Cloud Platform (AWS, Azure, Google Cloud)",
  "Description": "This Service Level Agreement defines the data migration services provided by TechData Solutions to Global Enterprises Ltd., ensuring the successful and efficient migration of the Client's data to a cloud-based infrastructure with minimal downtime and complete data integrity.",
  
  "Associated Metrics": [
    {
      "Metric Name": "Data Migration Completion Time",
      "Description": "Ensure that the migration is completed within the agreed-upon timeline.",
      "Target": "No delays beyond 24 hours from the scheduled timeline.",
      "KPI": true
    },
    {
      "Metric Name": "Data Integrity",
      "Description": "Ensure all data is migrated without corruption or loss.",
      "Target": "100% accuracy and integrity of migrated data.",
      "KPI": true
    },
    {
      "Metric Name": "Downtime During Migration",
      "Description": "Limit migration-related downtime to minimize disruption.",
      "Target": "No more than 5% downtime during the migration period.",
      "KPI": true
    },
    {
      "Metric Name": "Incident Response Time",
      "Description": "Time taken to acknowledge incidents based on severity levels.",
      "Metrics": {
        "Critical (S1)": "≤ 30 minutes",
        "High (S2)": "≤ 1 hour",
        "Medium (S3)": "≤ 2 hours",
        "Low (S4)": "≤ 8 hours"
      },
      "KPI": false
    },
    {
      "Metric Name": "Incident Resolution Time",
      "Description": "Time taken to resolve incidents based on severity levels.",
      "Metrics": {
        "Critical (S1)": "≤ 4 hours",
        "High (S2)": "≤ 6 hours",
        "Medium (S3)": "≤ 1 business day",
        "Low (S4)": "As scheduled"
      },
      "KPI": false
    },
    {
      "Metric Name": "Migration Progress Reporting",
      "Description": "Weekly updates on migration progress, issues, and risks.",
      "Target": "Weekly progress reports delivered on time.",
      "KPI": false
    }
  ]
}
