{
  "SLA Name": "AI Application Development - Predictive Analytics for Retail",
  "Parties Involved": [
    "Service Provider: AI Innovations Ltd.",
    "Client: Retail Solutions Inc."
  ],
  "System Concerned": "AI Models, Retail Platform, Data Integration Systems",
  "Description": "This Service Level Agreement defines the AI application development and predictive analytics services provided by AI Innovations Ltd. to Retail Solutions Inc. to predict customer behavior, optimize product recommendations, and enhance pricing strategies.",
  
  "Associated Metrics": [
    {
      "Metric Name": "AI Model Performance (Prediction Accuracy)",
      "Description": "The model should achieve a minimum accuracy rate of 85% for customer purchasing behavior predictions.",
      "KPI": true
    },
    {
      "Metric Name": "Incident Response Time",
      "Description": "Time taken to acknowledge and respond to incidents based on severity levels.",
      "Metrics": {
        "Critical (S1)": "≤ 30 minutes",
        "High (S2)": "≤ 1 hour",
        "Medium (S3)": "≤ 2 hours",
        "Low (S4)": "≤ 8 hours"
      },
      "KPI": false
    },
    {
      "Metric Name": "Incident Resolution Time",
      "Description": "Time taken to resolve incidents and restore service based on severity levels.",
      "Metrics": {
        "Critical (S1)": "≤ 2 hours",
        "High (S2)": "≤ 4 hours",
        "Medium (S3)": "≤ 1 business day",
        "Low (S4)": "As scheduled"
      },
      "KPI": false
    },
    {
      "Metric Name": "Service Uptime",
      "Description": "Guarantee 99.95% uptime for the AI application to ensure availability for retail operations.",
      "KPI": false
    },
    {
      "Metric Name": "Real-Time Processing",
      "Description": "The application must process customer data and provide product recommendations within 5 seconds.",
      "KPI": true
    }
  ]
}
