{
    "SLA Name": "Cloud, AI, and ML Management Services",
    "Parties Involved": [
        "Service Provider: CloudServe Ltd.",
        "Client: Enterprise Solutions Corp."
    ],
    "System Concerned": "Cloud Platforms, AI/ML Models, Resource Management, Security Systems",
    "Description": "This SLA outlines the terms for delivering cloud computing platform management and AI/ML model services. It emphasizes the commitment of CloudServe Ltd. to provide secure, scalable, and high-performance solutions that enable the Client to meet business goals efficiently. The SLA includes metrics for uptime, response and resolution times, AI/ML model accuracy, and dynamic scalability to handle demand surges effectively.",
    "Associated Metrics": [
        {
            "Metric Name": "System Uptime",
            "Description": "Guarantees the availability of cloud services with minimal downtime, ensuring business continuity and operational efficiency for the Client's systems.",
            "Target": "99.95% uptime guaranteed.",
            "KPI": true
        },
        {
            "Metric Name": "Incident Response Time",
            "Description": "Specifies the time taken to acknowledge and respond to incidents, categorized by severity levels. Ensures timely communication and action to mitigate potential impacts.",
            "Metrics": {
                "Critical (S1)": "<= 30 minutes",
                "High (S2)": "<= 1 hour",
                "Medium (S3)": "<= 2 hours",
                "Low (S4)": "<= 8 hours"
            },
            "KPI": false
        },
        {
            "Metric Name": "Incident Resolution Time",
            "Description": "Defines the duration within which incidents are resolved to restore normal operations. Critical issues are prioritized to minimize business disruption.",
            "Metrics": {
                "Critical (S1)": "<= 4 hours",
                "High (S2)": "<= 8 hours",
                "Medium (S3)": "<= 1 business day",
                "Low (S4)": "As scheduled"
            },
            "KPI": false
        },
        {
            "Metric Name": "AI/ML Model Accuracy",
            "Description": "Ensures that AI/ML models deliver reliable and accurate predictions, maintaining a minimum accuracy level suitable for the Client's operational needs and decision-making processes.",
            "Target": "99% minimum accuracy guaranteed.",
            "KPI": true
        },
        {
            "Metric Name": "Scalability",
            "Description": "Ensures the system can dynamically allocate resources in real-time, accommodating varying workload demands while maintaining performance and cost-efficiency.",
            "Target": "Dynamic and responsive scaling guaranteed.",
            "KPI": true
        }
    ]
}