[
    {
      "SLA Name": "Cloud Hosting and Support Services",
      "Parties Involved": [
        "Service Provider: Amazon Web Services (AWS)",
        "Client: Tech Innovators Inc."
      ],
      "System Concerned": "Cloud Hosting Infrastructure, Virtual Machines, Databases, Security Systems",
      "Description": "This Service Level Agreement defines the levels of service and support provided by Amazon Web Services (AWS) to ensure high availability, security, scalability, and proactive support for Tech Innovators Inc.'s hosted applications and data.",
      "Associated Metrics": [
        {
          "Metric Name": "Incident Resolution Time",
          "Metrics": {
            "Critical (S1)": "≤ 2 hours"
          },
          "KPI": false
        }
      ]
    },
    {
      "SLA Name": "IT Infrastructure Management Services",
      "Parties Involved": [
        "Service Provider: Managed IT Solutions Inc.",
        "Client: Digital Pioneers Ltd."
      ],
      "System Concerned": "Network Systems, Servers, Databases, IT Security Infrastructure",
      "Description": "This Service Level Agreement defines the IT infrastructure management services provided by Managed IT Solutions Inc. to Digital Pioneers Ltd., ensuring high performance, availability, security, and rapid resolution of IT-related incidents.",
      "Associated Metrics": [
        {
          "Metric Name": "Incident Resolution Time",
          "Metrics": {
            "Critical (S1)": "≤ 2 hours"
          },
          "KPI": false
        }
      ]
    }
  ]
  