{
    "SLA Name": "Mobile Application Development and Maintenance Services",
    "Parties Involved": [
        "Service Provider: AppSphere Technologies",
        "Client: HealthTrack Solutions"
    ],
    "System Concerned": "iOS and Android Applications",
    "Description": "This SLA outlines the terms for delivering mobile application development and maintenance services. It defines the commitment of AppSphere Technologies to provide scalable, reliable, and user-friendly mobile applications for both iOS and Android platforms. The SLA includes metrics for app uptime, response times, bug resolution, and user satisfaction.",
    "Associated Metrics": [
        {
            "Metric Name": "App Uptime",
            "Description": "Ensures high availability of mobile applications for users.",
            "Target": "99.95% uptime guaranteed.",
            "KPI": true
        },
        {
            "Metric Name": "Bug Fix Turnaround Time",
            "Description": "Time taken to resolve critical bugs in the application.",
            "Target": "<= 24 hours for critical issues.",
            "KPI": true
        },
        {
            "Metric Name": "Feature Release Success Rate",
            "Description": "Ensures successful deployment of new features without major issues.",
            "Target": ">= 99% success rate.",
            "KPI": true
        },
        {
            "Metric Name": "Incident Response Time",
            "Description": "Time taken to acknowledge and respond to incidents based on severity levels.",
            "Metrics": {
                "Critical (S1)": "<= 10 minutes",
                "High (S2)": "<= 30 minutes",
                "Medium (S3)": "<= 1 hour",
                "Low (S4)": "<= 8 hours"
            },
            "KPI": false
        },
        {
            "Metric Name": "User Satisfaction",
            "Description": "Maintains a high level of user satisfaction measured through surveys.",
            "Target": ">= 95% satisfaction rate.",
            "KPI": true
        }
    ]
}