{
    "SLA Name": "Cybersecurity Threat Management Services",
    "Parties Involved": [
        "Service Provider: SecureNet Solutions",
        "Client: GlobalFinance Corp."
    ],
    "System Concerned": "Firewalls, Intrusion Detection Systems, Endpoint Protection Tools",
    "Description": "This SLA outlines the scope, objectives, and performance metrics for cybersecurity threat management services. SecureNet Solutions ensures rapid detection, response, and mitigation of cybersecurity threats, protecting the Client's critical systems and sensitive data. The SLA emphasizes proactive monitoring, incident management, and compliance with industry standards.",
    "Associated Metrics": [
        {
            "Metric Name": "Threat Detection Time",
            "Description": "Ensures swift identification of potential threats to the system.",
            "Target": "<= 5 minutes for critical threats.",
            "KPI": true
        },
        {
            "Metric Name": "Incident Response Time",
            "Description": "Time taken to acknowledge and respond to security incidents.",
            "Metrics": {
                "Critical (S1)": "<= 10 minutes",
                "High (S2)": "<= 30 minutes",
                "Medium (S3)": "<= 1 hour",
                "Low (S4)": "<= 8 hours"
            },
            "KPI": false
        },
        {
            "Metric Name": "Resolution Time",
            "Description": "Ensures quick resolution of identified threats based on severity levels.",
            "Metrics": {
                "Critical (S1)": "<= 2 hours",
                "High (S2)": "<= 4 hours",
                "Medium (S3)": "<= 1 business day",
                "Low (S4)": "As scheduled"
            },
            "KPI": false
        },
        {
            "Metric Name": "System Uptime",
            "Description": "Ensures continuous availability of cybersecurity infrastructure.",
            "Target": "99.95% uptime guaranteed.",
            "KPI": true
        },
        {
            "Metric Name": "Compliance Audit Success",
            "Description": "Ensures successful compliance with security audits.",
            "Target": "100% compliance with regulatory requirements.",
            "KPI": true
        }
    ]
}