{
  "SLA Name": "Blockchain Development Services",
  "Parties Involved": [
    "Service Provider: Blockchain Innovators Ltd.",
    "Client: Digital Fintech Solutions"
  ],
  "System Concerned": "Custom Blockchain Platform, Smart Contracts, Node Management",
  "Description": "This Service Level Agreement defines the blockchain development and maintenance services provided by Blockchain Innovators Ltd. to Digital Fintech Solutions. It ensures robust, secure, and scalable blockchain solutions, emphasizing uptime, data integrity, and efficient smart contract management. The SLA establishes clear expectations for performance, security, and resolution times, facilitating effective collaboration.",
  "Associated Metrics": [
    {
      "Metric Name": "Service Uptime",
      "Description": "Ensure high availability of blockchain services.",
      "Target": "99.95% uptime guaranteed.",
      "KPI": true
    },
    {
      "Metric Name": "Smart Contract Accuracy",
      "Description": "Ensure deployed smart contracts are bug-free.",
      "Target": "100% verified accuracy.",
      "KPI": true
    },
    {
      "Metric Name": "Incident Response Time",
      "Description": "Time taken to acknowledge and respond to incidents based on severity levels.",
      "Metrics": {
        "Critical (S1)": "<= 30 minutes",
        "High (S2)": "<= 1 hour",
        "Medium (S3)": "<= 2 hours",
        "Low (S4)": "<= 8 hours"
      },
      "KPI": false
    },
    {
      "Metric Name": "Incident Resolution Time",
      "Description": "Time taken to resolve incidents based on severity levels.",
      "Metrics": {
        "Critical (S1)": "<= 2 hours",
        "High (S2)": "<= 4 hours",
        "Medium (S3)": "<= 1 business day",
        "Low (S4)": "As scheduled"
      },
      "KPI": false
    },
    {
      "Metric Name": "Node Latency",
      "Description": "Ensure low latency in node communication.",
      "Target": "<= 100ms.",
      "KPI": true
    }
  ]
}