{
  "SLA Name": "IoT Infrastructure Management Services",
  "Parties Involved": [
    "Service Provider: IoT Solutions Ltd.",
    "Client: Smart Homes Inc."
  ],
  "System Concerned": "IoT Devices, Firmware, Network Connectivity",
  "Description": "This SLA defines IoT infrastructure management services provided by IoT Solutions Ltd. to Smart Homes Inc., ensuring reliable operation, data integrity, and robust security for IoT systems.",
  "Associated Metrics": [
    {
      "Metric Name": "System Uptime",
      "Description": "Ensure high availability of IoT systems.",
      "Target": "99.9% uptime guaranteed.",
      "KPI": true
    },
    {
      "Metric Name": "Incident Response Time",
      "Description": "Time taken to acknowledge and respond to incidents based on severity levels.",
      "Metrics": {
        "Critical (S1)": "<= 15 minutes",
        "High (S2)": "<= 30 minutes",
        "Medium (S3)": "<= 1 hour",
        "Low (S4)": "<= 8 hours"
      },
      "KPI": false
    },
    {
      "Metric Name": "Incident Resolution Time",
      "Description": "Time taken to resolve incidents based on severity levels.",
      "Metrics": {
        "Critical (S1)": "<= 2 hours",
        "High (S2)": "<= 4 hours",
        "Medium (S3)": "<= 1 business day",
        "Low (S4)": "As scheduled"
      },
      "KPI": false
    },
    {
      "Metric Name": "Firmware Update Success",
      "Description": "Ensure all firmware updates are successfully deployed.",
      "Target": "100% update success rate.",
      "KPI": true
    },
    {
      "Metric Name": "Security Breach Detection",
      "Description": "Time taken to detect and respond to security breaches.",
      "Target": "<= 5 minutes.",
      "KPI": true
    }
  ]
}