{
    "SLA Name": "E-commerce Platform Maintenance Services",
    "Parties Involved": [
        "Service Provider: WebCommerce Solutions Ltd.",
        "Client: RetailPro Inc."
    ],
    "System Concerned": "E-commerce Platforms, Payment Gateways, Inventory Systems, Analytics Tools",
    "Description": "This SLA outlines the responsibilities, objectives, and performance metrics for maintaining and supporting the Client's e-commerce platform. It ensures high availability, security, and operational efficiency while fostering transparency and collaboration. The SLA includes metrics for uptime, response and resolution times, transaction success rates, and customer satisfaction to enhance the user experience.",
    "Associated Metrics": [
        {
            "Metric Name": "Platform Uptime",
            "Description": "Ensures the e-commerce platform is accessible and operational for users.",
            "Target": "99.95% per month",
            "KPI": true
        },
        {
            "Metric Name": "Incident Response Time",
            "Description": "Specifies the time taken to acknowledge and respond to incidents, categorized by severity levels. Ensures timely communication and action to minimize disruptions.",
            "Metrics": {
                "Critical (S1)": "<= 10 minutes",
                "High (S2)": "<= 30 minutes",
                "Medium (S3)": "<= 2 hours",
                "Low (S4)": "<= 8 hours"
            },
            "KPI": false
        },
        {
            "Metric Name": "Incident Resolution Time",
            "Description": "Defines the duration within which incidents are resolved to restore normal operations. Critical issues are prioritized to minimize business disruption.",
            "Metrics": {
                "Critical (S1)": "<= 2 hours",
                "High (S2)": "<= 4 hours",
                "Medium (S3)": "<= 1 business day",
                "Low (S4)": "As scheduled"
            },
            "KPI": false
        },
        {
            "Metric Name": "Transaction Success Rate",
            "Description": "Ensures successful processing of transactions to maintain user trust and satisfaction.",
            "Target": ">= 99.9%",
            "KPI": true
        },
        {
            "Metric Name": "Page Load Time",
            "Description": "Optimizes page load times to enhance the user experience and reduce bounce rates.",
            "Target": "<= 2 seconds",
            "KPI": true
        },
        {
            "Metric Name": "User Satisfaction",
            "Description": "Maintains a high level of customer satisfaction through periodic surveys and continuous improvement.",
            "Target": ">= 95%",
            "KPI": true
        }
    ]
}