{
    "SLA Name": "Big Data Analytics Services",
    "Parties Involved": [
        "Service Provider: DataInsight Analytics",
        "Client: FinTech Solutions Ltd."
    ],
    "System Concerned": "Big Data Clusters, ETL Pipelines, Reporting Dashboards, Real-time Analytics",
    "Description": "This SLA defines the scope, objectives, and performance metrics for Big Data Analytics services. The Service Provider ensures high accuracy, scalability, and operational efficiency for analytics operations.",
    "Associated Metrics": [
        {
            "Metric Name": "Data Processing Accuracy",
            "Description": "Ensures high accuracy in data transformations.",
            "Target": ">= 99.95%",
            "KPI": true
        },
        {
            "Metric Name": "Query Performance",
            "Description": "Guarantees quick query response times.",
            "Target": "<= 3 seconds per query",
            "KPI": true
        },
        {
            "Metric Name": "System Uptime",
            "Description": "Ensures the platform is available for analytics operations.",
            "Target": "99.9% per month",
            "KPI": true
        },
        {
            "Metric Name": "Data Latency",
            "Description": "Ensures real-time data availability for analytics.",
            "Target": "<= 5 minutes",
            "KPI": true
        },
        {
            "Metric Name": "Data Volume",
            "Description": "Supports high data ingestion and processing requirements.",
            "Target": "Up to 10 TB per day",
            "KPI": true
        }
    ],
    "Operational SLA": [
        {
            "Severity": "Critical Issues",
            "Definition": "Complete platform failure impacting all users.",
            "Resolution Time": "< 2 hours"
        },
        {
            "Severity": "High Priority",
            "Definition": "Significant performance degradation affecting multiple users.",
            "Resolution Time": "< 4 hours"
        },
        {
            "Severity": "Medium Priority",
            "Definition": "Issues impacting specific queries or reports.",
            "Resolution Time": "< 1 business day"
        }
    ],
    "Disaster Recovery and Maintenance": {
        "Backup Frequency": "Daily backups of critical data and configurations.",
        "Recovery Time Objective (RTO)": "Restoration of services within 120 minutes of failure.",
        "Recovery Point Objective (RPO)": "Maximum data loss limited to 30 minutes.",
        "Scheduled Maintenance": "Conducted quarterly during non-peak hours with prior notice."
    },
    "Client Responsibilities": [
        "Providing accurate requirements for analytics and reporting needs.",
        "Reporting issues promptly through designated channels.",
        "Ensuring compliance with security protocols to protect data integrity."
    ],
    "Review and Amendment": "This SLA shall be reviewed annually to align with evolving business requirements. Amendments must be documented and approved by authorized representatives of both parties.",
    "Final Agreement": "This SLA represents the complete agreement between DataInsight Analytics and FinTech Solutions Ltd. Amendments to this SLA must be documented in writing and signed by both parties. The SLA will be reviewed periodically to ensure alignment with business objectives."
}