{
	"info": {
		"_postman_id": "38217db4-7a08-48b4-a98a-84fcc64fb4f1",
		"name": "SLAInsights",
		"schema": "https://schema.getpostman.com/json/collection/v2.1.0/collection.json"
	},
	"item": [
		{
			"name": "queryLLM",
			"request": {
				"method": "POST",
				"header": [],
				"body": {
					"mode": "raw",
					"raw": "{\r\n  \"question\": \"Which SLA has a critical incident resolution time of less than 2 hours\"\r\n}\r\n",
					"options": {
						"raw": {
							"language": "json"
						}
					}
				},
				"url": {
					"raw": "http://localhost:9001/query/llm",
					"protocol": "http",
					"host": [
						"localhost"
					],
					"port": "9001",
					"path": [
						"query",
						"llm"
					]
				}
			},
			"response": []
		},
		{
			"name": "UploadDocument",
			"request": {
				"method": "POST",
				"header": [],
				"body": {
					"mode": "formdata",
					"formdata": [
						{
							"key": "files",
							"type": "file",
							"src": "/E:/LakshmiNarayanaa/Makeathon-18/SLADoc/002-ITInfrastructureManagementServices.pdf"
						},
						{
							"key": "files",
							"type": "file",
							"src": "/E:/LakshmiNarayanaa/Makeathon-18/SLADoc/003-Cloud-BasedDataMigration.pdf"
						}
					]
				},
				"url": {
					"raw": "http://localhost:9001/document/upload",
					"protocol": "http",
					"host": [
						"localhost"
					],
					"port": "9001",
					"path": [
						"document",
						"upload"
					]
				}
			},
			"response": []
		},
		{
			"name": "delete_document",
			"request": {
				"method": "DELETE",
				"header": [],
				"url": {
					"raw": "http://localhost:9001/document/delete/4",
					"protocol": "http",
					"host": [
						"localhost"
					],
					"port": "9001",
					"path": [
						"document",
						"delete",
						"4"
					]
				}
			},
			"response": []
		},
		{
			"name": "AllSLA's",
			"request": {
				"method": "GET",
				"header": [],
				"url": {
					"raw": "http://localhost:9001/sla/info",
					"protocol": "http",
					"host": [
						"localhost"
					],
					"port": "9001",
					"path": [
						"sla",
						"info"
					]
				}
			},
			"response": []
		},
		{
			"name": "SLASummary",
			"request": {
				"method": "GET",
				"header": [],
				"url": {
					"raw": "http://localhost:9001/sla/summary/001-CloudHosting.json",
					"protocol": "http",
					"host": [
						"localhost"
					],
					"port": "9001",
					"path": [
						"sla",
						"summary",
						"001-CloudHosting.json"
					]
				}
			},
			"response": []
		},
		{
			"name": "SLADocument",
			"request": {
				"method": "GET",
				"header": [],
				"url": {
					"raw": "http://localhost:9001/sla/document/001-CloudHosting.pdf",
					"protocol": "http",
					"host": [
						"localhost"
					],
					"port": "9001",
					"path": [
						"sla",
						"document",
						"001-CloudHosting.pdf"
					]
				}
			},
			"response": []
		}
	]
}